{"pearson_val": 0.7515262961387634, "spearman_val": 0.5970196111629008, "corr_per_drug_val": 0.12353312077925503, "corr_low": 0.3451389213622791, "loss_val": 0.030567405745387077, "_timestamp": 1716285945.3117583, "_runtime": 1085.637609243393, "_step": 6}