{"pearson_val": 0.7317816615104675, "spearman_val": 0.5859170270242194, "corr_per_drug_val": 0.12215755546929082, "corr_low": 0.28737446452774956, "loss_val": 0.034491803497076035, "_timestamp": 1716282481.8510685, "_runtime": 626.5510754585266, "_step": 4}