{"pearson_val": 0.013583706691861153, "spearman_val": -0.006174185503811668, "corr_per_drug_val": 0.03972399874708044, "corr_low": 0.12252125922678285, "loss_val": 0.04639025777578354, "_timestamp": 1716298781.4417334, "_runtime": 1534.9991743564606, "_step": 306, "max_pearson_val": 0.013583706691861153, "max_spearman_val": -0.006174185503811668, "max_perdrug_val": 0.03972399874708044, "min_loss_val": 0.04637829586863518, "pearson_test_ModelSpearman": 0.015745362266898155, "spearman_test_ModelSpearman": -0.014988968462330792, "low_test_ModelSpearman": NaN, "loss_test_ModelSpearman": 0.046129222959280014, "pearson_test_ModelLoss": 0.005813981872051954, "spearman_test_ModelLoss": -0.03314477343434059, "low_test_ModelLoss": NaN, "loss_test_ModelLoss": 0.046114448457956314, "pearson_test_ModelPearson": 0.015745362266898155, "spearman_test_ModelPearson": -0.014988968462330792, "low_test_ModelPearson": NaN, "loss_test_ModelPearson": 0.046129222959280014, "pearson_test_ModelPerDrug": 0.015745362266898155, "spearman_test_ModelPerDrug": -0.014988967607560136, "low_test_ModelPerDrug": NaN, "loss_test_ModelPerDrug": 0.046129222959280014, "av_pearson_drugs_spmodel": 0.05529157401169869, "av_spearman_drugs_spmodel": 0.03912281699386624, "time": "25m 52s", "_wandb": {"runtime": 1534}}