{"pearson_val": 0.73395836353302, "spearman_val": 0.6666275787289061, "corr_per_drug_val": 0.1858933181720717, "corr_low": 0.26165232718236286, "loss_val": 0.021623585373163223, "_timestamp": 1716293983.1856394, "_runtime": 1548.673612356186, "_step": 306, "max_pearson_val": 0.73395836353302, "max_spearman_val": 0.6666275787289061, "max_perdrug_val": 0.19345181409330495, "min_loss_val": 0.021623585373163223, "pearson_test_ModelSpearman": 0.725181519985199, "spearman_test_ModelSpearman": 0.6708136933812253, "low_test_ModelSpearman": NaN, "loss_test_ModelSpearman": 0.02033889852464199, "pearson_test_ModelLoss": 0.725181519985199, "spearman_test_ModelLoss": 0.6708140697563112, "low_test_ModelLoss": NaN, "loss_test_ModelLoss": 0.02033889852464199, "pearson_test_ModelPearson": 0.725181519985199, "spearman_test_ModelPearson": 0.6708146033653071, "low_test_ModelPearson": NaN, "loss_test_ModelPearson": 0.02033889852464199, "pearson_test_ModelPerDrug": 0.706724226474762, "spearman_test_ModelPerDrug": 0.6499496150352043, "low_test_ModelPerDrug": NaN, "loss_test_ModelPerDrug": 0.021464841440320015, "av_pearson_drugs_spmodel": 0.1591567082199899, "av_spearman_drugs_spmodel": 0.15949862272206528, "time": "26m 6s", "_wandb": {"runtime": 1548}}