{"Average pearson correlations of all drugs:": 0.12281519632320582, "_timestamp": 1716298892.7801633, "_runtime": 93.81877732276917, "_step": 1, "Average spearman correlations of all drugs:": 0.11937964669510541, "_wandb": {"runtime": 96}}