{"pearson_val": 0.8854842185974121, "spearman_val": 0.779346218715347, "corr_per_drug_val": 0.4693308723176516, "corr_low": 0.40827088394489075, "loss_val": 0.009630781598389149, "_timestamp": 1716290774.9794436, "_runtime": 3070.291794538498, "_step": 306, "max_pearson_val": 0.8854842185974121, "max_spearman_val": 0.779346218715347, "max_perdrug_val": 0.4693308723176516, "min_loss_val": 0.009630781598389149, "pearson_test_ModelSpearman": 0.8854842185974121, "spearman_test_ModelSpearman": 0.7793459893751732, "low_test_ModelSpearman": NaN, "loss_test_ModelSpearman": 0.009630782529711723, "pearson_test_ModelLoss": 0.8854842185974121, "spearman_test_ModelLoss": 0.7793460767570607, "low_test_ModelLoss": NaN, "loss_test_ModelLoss": 0.009630782529711723, "pearson_test_ModelPearson": 0.8854842185974121, "spearman_test_ModelPearson": 0.7793457427707662, "low_test_ModelPearson": NaN, "loss_test_ModelPearson": 0.009630782529711723, "pearson_test_ModelPerDrug": 0.8854842185974121, "spearman_test_ModelPerDrug": 0.7793459794688394, "low_test_ModelPerDrug": NaN, "loss_test_ModelPerDrug": 0.009630782529711723, "av_pearson_drugs_spmodel": 0.5223711698075358, "av_spearman_drugs_spmodel": 0.4692422095315821, "time": "51m 26s", "_wandb": {"runtime": 3069}}