{"pearson_val": 0.7213843464851379, "spearman_val": 0.6936628040188987, "corr_per_drug_val": 0.20133855406367576, "corr_low": 0.14326912111510104, "loss_val": 0.024415388703346252, "_timestamp": 1716281252.6168742, "_runtime": 20161.49621129036, "_step": 191}