{"pearson_val": 0.8224805593490601, "spearman_val": 0.6666474174490545, "corr_per_drug_val": 0.16552144900555416, "corr_low": 0.2963386930640894, "loss_val": 0.01897067204117775, "_timestamp": 1716304557.0531483, "_runtime": 18087.129415273666, "_step": 122}