{"pearson_val": 0.670489490032196, "spearman_val": 0.5936159429662535, "corr_per_drug_val": 0.11213207926433542, "corr_low": 0.681127227441681, "loss_val": 0.010831749066710472, "_timestamp": 1716304582.843582, "_runtime": 211.02153182029724, "_step": 306, "max_pearson_val": 0.685282289981842, "max_spearman_val": 0.6013818261142568, "max_perdrug_val": 0.14380873308199058, "min_loss_val": 0.009623458608984947, "pearson_test_ModelSpearman": 0.6210604310035706, "spearman_test_ModelSpearman": 0.541259348123799, "low_test_ModelSpearman": 0.5164048227986847, "loss_test_ModelSpearman": 0.012328166514635086, "pearson_test_ModelLoss": 0.6213223338127136, "spearman_test_ModelLoss": 0.5414737939192846, "low_test_ModelLoss": 0.5168067226890757, "loss_test_ModelLoss": 0.01229535136371851, "pearson_test_ModelPearson": 0.6213223338127136, "spearman_test_ModelPearson": 0.5414737939192846, "low_test_ModelPearson": 0.5168067226890757, "loss_test_ModelPearson": 0.01229535136371851, "pearson_test_ModelPerDrug": 0.6209335923194885, "spearman_test_ModelPerDrug": 0.5411226548285067, "low_test_ModelPerDrug": 0.515893313847278, "loss_test_ModelPerDrug": 0.012344376184046268, "av_pearson_drugs_spmodel": 0.12700754089746624, "av_spearman_drugs_spmodel": 0.09002328910296264, "time": "3m 40s", "_wandb": {"runtime": 210}}