{"Average pearson correlations of all drugs:": 0.26511676875015333, "_timestamp": 1716281448.7329085, "_runtime": 36.323702573776245, "_step": 1, "Average spearman correlations of all drugs:": 0.24834317628539399, "_wandb": {"runtime": 37}}