{"pearson_val": 0.124069944024086, "spearman_val": 0.12765394790601653, "corr_per_drug_val": 0.019811930639387115, "corr_low": -0.023509227830905043, "loss_val": 0.04567233845591545, "_timestamp": 1716297190.6062331, "_runtime": 1547.982939004898, "_step": 306, "max_pearson_val": 0.124069944024086, "max_spearman_val": 0.12765394790601653, "max_perdrug_val": 0.021225894320016824, "min_loss_val": 0.04567233845591545, "pearson_test_ModelSpearman": 0.09442421793937683, "spearman_test_ModelSpearman": 0.10452004432423734, "low_test_ModelSpearman": NaN, "loss_test_ModelSpearman": 0.04315442964434624, "pearson_test_ModelLoss": 0.09442422538995743, "spearman_test_ModelLoss": 0.10451991756167482, "low_test_ModelLoss": NaN, "loss_test_ModelLoss": 0.04315442964434624, "pearson_test_ModelPearson": 0.09442421793937683, "spearman_test_ModelPearson": 0.10451991882846025, "low_test_ModelPearson": NaN, "loss_test_ModelPearson": 0.04315442964434624, "pearson_test_ModelPerDrug": 0.08117375522851944, "spearman_test_ModelPerDrug": 0.09243132007217339, "low_test_ModelPerDrug": NaN, "loss_test_ModelPerDrug": 0.043262068182229996, "av_pearson_drugs_spmodel": 0.009275614183990925, "av_spearman_drugs_spmodel": 0.008449251870704914, "time": "26m 4s", "_wandb": {"runtime": 1547}}