{"Average pearson correlations of all drugs:": 0.26511677961676094, "_timestamp": 1716261011.698211, "_runtime": 39.94293785095215, "_step": 1, "Average spearman correlations of all drugs:": 0.24840263024972242, "_wandb": {"runtime": 40}}