{"pearson_val": 0.7222598791122437, "spearman_val": 0.6690500493001128, "corr_per_drug_val": 0.18824538749565095, "corr_low": 0.09642271243315652, "loss_val": 0.020869718864560127, "_timestamp": 1716292400.3642447, "_runtime": 1567.6199247837067, "_step": 306, "max_pearson_val": 0.7222598791122437, "max_spearman_val": 0.6690500493001128, "max_perdrug_val": 0.1919281171266371, "min_loss_val": 0.020869718864560127, "pearson_test_ModelSpearman": 0.7192561030387878, "spearman_test_ModelSpearman": 0.6603278463127059, "low_test_ModelSpearman": NaN, "loss_test_ModelSpearman": 0.022484473884105682, "pearson_test_ModelLoss": 0.7192561030387878, "spearman_test_ModelLoss": 0.6603280102093264, "low_test_ModelLoss": NaN, "loss_test_ModelLoss": 0.022484473884105682, "pearson_test_ModelPearson": 0.7192561030387878, "spearman_test_ModelPearson": 0.6603277168049911, "low_test_ModelPearson": NaN, "loss_test_ModelPearson": 0.022484473884105682, "pearson_test_ModelPerDrug": 0.7143673300743103, "spearman_test_ModelPerDrug": 0.6590787794446251, "low_test_ModelPerDrug": NaN, "loss_test_ModelPerDrug": 0.022808996960520744, "av_pearson_drugs_spmodel": 0.19292853753163342, "av_spearman_drugs_spmodel": 0.19786075460461422, "time": "26m 24s", "_wandb": {"runtime": 1566}}