{"Average pearson correlations of all drugs:": 0.26511679269238936, "_timestamp": 1716281531.576357, "_runtime": 26.264782905578613, "_step": 1, "Average spearman correlations of all drugs:": 0.2485620974327805, "_wandb": {"runtime": 27}}