{"pearson_val": 0.8152958750724792, "spearman_val": 0.6643188930566156, "corr_per_drug_val": 0.1782000109145413, "corr_low": 0.2548304689734404, "loss_val": 0.015565861947834492, "_timestamp": 1716295609.5580509, "_runtime": 1570.8506908416748, "_step": 306, "max_pearson_val": 0.8152958750724792, "max_spearman_val": 0.6643188930566156, "max_perdrug_val": 0.18873011177874485, "min_loss_val": 0.015565861947834492, "pearson_test_ModelSpearman": 0.8182345032691956, "spearman_test_ModelSpearman": 0.6774097597329528, "low_test_ModelSpearman": NaN, "loss_test_ModelSpearman": 0.01452928688377142, "pearson_test_ModelLoss": 0.8182345032691956, "spearman_test_ModelLoss": 0.6774100531828995, "low_test_ModelLoss": NaN, "loss_test_ModelLoss": 0.014529285952448845, "pearson_test_ModelPearson": 0.818234384059906, "spearman_test_ModelPearson": 0.6774107661561557, "low_test_ModelPearson": NaN, "loss_test_ModelPearson": 0.014529285952448845, "pearson_test_ModelPerDrug": 0.7652939558029175, "spearman_test_ModelPerDrug": 0.6239762900330132, "low_test_ModelPerDrug": NaN, "loss_test_ModelPerDrug": 0.018214454874396324, "av_pearson_drugs_spmodel": 0.20959022021771231, "av_spearman_drugs_spmodel": 0.2067636411005779, "time": "26m 27s", "_wandb": {"runtime": 1570}}