{"pearson_val": 0.7761119604110718, "spearman_val": 0.6808095533353349, "corr_per_drug_val": 0.21965085470580903, "corr_low": 0.13389934896448769, "loss_val": 0.020677238702774048, "_timestamp": 1716260917.465004, "_runtime": 38585.466708898544, "_step": 300, "max_pearson_val": 0.7798522114753723, "max_spearman_val": 0.6876589997570918, "max_perdrug_val": 0.23092332942121435, "min_loss_val": 0.020442161709070206, "_wandb": {"runtime": 38586}}